Ticker,Date,Time,LTP,BuyPrice,BuyQty,SellPrice,SellQty,LTQ,OpenInterest
CRUDEOIL19FEB4500CE.MCX,01/02/2019,23:44:47,15.9,4,1,15.9,1,1,2
CRUDEOIL19FEB4500CE.MCX,01/02/2019,23:44:47,15.9,4,1,15.9,1,0,2
CRUDEOIL19FEB4500CE.MCX,01/02/2019,23:44:47,15.9,4,1,15.9,1,0,2
CRUDEOIL19FEB4500CE.MCX,01/02/2019,23:44:47,15.9,4,1,15.9,1,0,2
CRUDEOIL19FEB4500CE.MCX,01/02/2019,23:44:47,15.9,4,1,15,2,0,2
CRUDEOIL19FEB4500CE.MCX,01/02/2019,23:44:47,15.9,4,1,14.9,1,0,2
CRUDEOIL19FEB4500CE.MCX,01/02/2019,23:44:47,15.9,4.1,1,14.9,1,0,2
CRUDEOIL19FEB4500CE.MCX,01/02/2019,23:44:47,15.9,4.1,1,14.8,1,0,2
CRUDEOIL19FEB4500CE.MCX,01/02/2019,23:44:47,15.9,4.1,1,14.7,1,0,2
