Ticker,Date,Time,LTP,BuyPrice,BuyQty,SellPrice,SellQty,LTQ,OpenInterest
CRUDEOILM19DECFUT.MCX,01/08/2019,18:02:10,4050,3937,1,4200,1,1,2
CRUDEOILM19DECFUT.MCX,01/08/2019,18:02:10,4050,3937,1,4200,1,0,2
CRUDEOILM19DECFUT.MCX,01/08/2019,18:02:10,4050,3937,1,4200,1,0,2
CRUDEOILM19DECFUT.MCX,01/08/2019,18:02:10,4050,3937,1,4200,1,0,2
CRUDEOILM19DECFUT.MCX,01/08/2019,18:02:10,4050,3937,1,4050,1,0,2
CRUDEOILM19DECFUT.MCX,01/08/2019,18:02:10,4050,3937,1,4200,1,0,2
CRUDEOILM19DECFUT.MCX,01/08/2019,18:02:10,4050,3950,1,4200,1,0,2
CRUDEOILM19DECFUT.MCX,01/08/2019,18:02:10,4050,3950,1,4100,1,0,2
CRUDEOILM19DECFUT.MCX,01/08/2019,18:02:10,4050,3950,2,4100,1,0,2
CRUDEOILM19DECFUT.MCX,01/08/2019,18:02:10,4050,3950,1,4100,1,0,2
CRUDEOILM19DECFUT.MCX,01/08/2019,18:02:10,4050,3950,1,4050,4,0,2
CRUDEOILM19DECFUT.MCX,01/08/2019,18:02:10,4050,3950,1,4100,1,0,2
CRUDEOILM19DECFUT.MCX,01/08/2019,23:02:14,3950,3937,1,4100,1,1,2
CRUDEOILM19DECFUT.MCX,01/08/2019,23:02:14,3950,3937,1,4100,1,0,2
CRUDEOILM19DECFUT.MCX,01/08/2019,23:02:20,3937,0,0,4100,1,1,3
CRUDEOILM19DECFUT.MCX,01/08/2019,23:02:20,3937,0,0,4100,1,0,3
CRUDEOILM19DECFUT.MCX,01/08/2019,23:02:20,3937,0,0,3936,1,0,3
CRUDEOILM19DECFUT.MCX,01/08/2019,23:02:20,3937,0,0,3936,5,0,3
