Ticker,Date,Time,LTP,BuyPrice,BuyQty,SellPrice,SellQty,LTQ,OpenInterest
CRUDEOIL20JUNFUT.MCX,30/12/2019,16:30:59,4415,4415,1,4426,1,1,1
CRUDEOIL20JUNFUT.MCX,30/12/2019,16:30:59,4415,4415,1,4426,1,0,1
CRUDEOIL20JUNFUT.MCX,30/12/2019,16:30:59,4415,4415,1,4426,1,0,1
CRUDEOIL20JUNFUT.MCX,30/12/2019,16:30:59,4415,4415,1,4426,1,0,1
CRUDEOIL20JUNFUT.MCX,30/12/2019,16:30:59,4415,0,0,4426,1,0,1
CRUDEOIL20JUNFUT.MCX,30/12/2019,16:30:59,4415,0,0,4415,1,0,1
CRUDEOIL20JUNFUT.MCX,30/12/2019,16:30:59,4415,0,0,4414,1,0,1
CRUDEOIL20JUNFUT.MCX,30/12/2019,16:30:59,4415,0,0,4421,1,0,1
CRUDEOIL20JUNFUT.MCX,30/12/2019,16:30:59,4415,0,0,4426,1,0,1
CRUDEOIL20JUNFUT.MCX,30/12/2019,16:30:59,4415,0,0,4415,1,0,1
