Ticker,Date,Time,LTP,BuyPrice,BuyQty,SellPrice,SellQty,LTQ,OpenInterest
CRUDEOIL19MAY4100PE.MCX,01/04/2019,09:59:27,100,0,0,200,1,1,1
CRUDEOIL19MAY4100PE.MCX,01/04/2019,09:59:27,100,0,0,200,1,0,1
CRUDEOIL19MAY4100PE.MCX,01/04/2019,09:59:27,100,0,0,200,1,0,1
CRUDEOIL19MAY4100PE.MCX,01/04/2019,09:59:27,100,0,0,200,1,0,1
CRUDEOIL19MAY4100PE.MCX,01/04/2019,09:59:27,100,84,2,152,2,0,1
CRUDEOIL19MAY4100PE.MCX,01/04/2019,09:59:27,100,84,2,137,2,0,1
CRUDEOIL19MAY4100PE.MCX,01/04/2019,09:59:27,100,0,0,130,1,0,1
CRUDEOIL19MAY4100PE.MCX,01/04/2019,09:59:27,100,50,2,130,1,0,1
