Ticker,Date,Time,LTP,BuyPrice,BuyQty,SellPrice,SellQty,LTQ,OpenInterest
CRUDEOILM19AUGFUT.MCX,01/05/2019,20:25:40,4473,0,0,4740,1,1,7
CRUDEOILM19AUGFUT.MCX,01/05/2019,20:25:40,4473,0,0,4740,1,0,7
CRUDEOILM19AUGFUT.MCX,01/05/2019,20:25:40,4473,0,0,4740,1,0,7
CRUDEOILM19AUGFUT.MCX,01/05/2019,20:25:40,4473,0,0,4740,1,0,7
CRUDEOILM19AUGFUT.MCX,01/05/2019,20:25:40,4473,0,0,4700,2,0,7
CRUDEOILM19AUGFUT.MCX,01/05/2019,20:25:40,4473,0,0,4698,1,0,7
CRUDEOILM19AUGFUT.MCX,01/05/2019,20:25:40,4473,0,0,4690,1,0,7
CRUDEOILM19AUGFUT.MCX,01/05/2019,20:25:40,4473,0,0,4473,1,0,7
CRUDEOILM19AUGFUT.MCX,01/05/2019,20:25:40,4473,0,0,4473,2,0,7
CRUDEOILM19AUGFUT.MCX,01/05/2019,20:25:40,4473,0,0,4473,1,0,7
CRUDEOILM19AUGFUT.MCX,01/05/2019,20:25:40,4473,0,0,4689,1,0,7
CRUDEOILM19AUGFUT.MCX,01/05/2019,20:25:40,4473,0,0,4470,1,0,7
CRUDEOILM19AUGFUT.MCX,01/05/2019,20:25:40,4473,4400,1,4470,1,0,7
CRUDEOILM19AUGFUT.MCX,01/05/2019,20:25:40,4473,4400,1,4689,1,0,7
CRUDEOILM19AUGFUT.MCX,01/05/2019,20:25:40,4473,0,0,4689,1,0,7
CRUDEOILM19AUGFUT.MCX,01/05/2019,20:25:40,4473,0,0,4600,5,0,7
CRUDEOILM19AUGFUT.MCX,01/05/2019,20:25:40,4473,0,0,4599,1,0,7
CRUDEOILM19AUGFUT.MCX,01/05/2019,20:25:40,4473,0,0,4600,5,0,7
CRUDEOILM19AUGFUT.MCX,01/05/2019,20:25:40,4473,0,0,4599,1,0,7
CRUDEOILM19AUGFUT.MCX,01/05/2019,20:25:40,4473,4380,2,4599,1,0,7
CRUDEOILM19AUGFUT.MCX,01/05/2019,20:25:40,4473,4380,2,4579,5,0,7
CRUDEOILM19AUGFUT.MCX,01/05/2019,20:25:40,4473,4380,2,4578,1,0,7
